[{"projectUrl":"https://discord.gg/rzaXeZdeNu","provider":"Anarchise","name":"APker","description":"Overpowered PvP tools based on Ben93riggs' pktools plugin.","id":"apker-plugin","releases":[{"date":"2022-05-16","sha512sum":"30BF3BA2D72CB86A4F2B0151E2A8D390411CD4AC4E214F2C94039F58596F547D44534B3FECC142A43CE562AA295345D925845A2DFA5484C8564CFEE33155DF12","version":"1.0.1","url":"https://discord.com/invite/rzaXeZdeNu/blob/master/release/apker-1.0.1.jar?raw=true"}]}, {"projectUrl":"https://discord.gg/rzaXeZdeNu","provider":"Anarchise","name":"ARooftops","description":"Anarchise' Automated Rooftops.","id":"arooftops-plugin","releases":[{"date":"2022-05-16","sha512sum":"1E2350E0B1A5B86A22DBC3C3CDE45E747C1C5819E30288945DAC1C5528854B3A59134281F5D1E68EF523B34EF7D8EFD4B7E92DCE5B5EE78BA8DEA0EA16B32C38","version":"1.0.1","url":"https://discord.com/invite/rzaXeZdeNu/blob/master/release/arooftops-1.0.1.jar?raw=true"}]}, {"projectUrl":"https://discord.gg/rzaXeZdeNu","provider":"ZTD#1147","name":"Anarchise' Rune Dragon Plugin","description":"Auto Rune Dragons.","id":"anarchiserunedragonplugin-plugin","releases":[{"date":"2022-05-16","sha512sum":"6E83F04C263DD5DFD1CA7EF7896D43CF3CE8B63BA3E498BCAFC933E3EAB19239085EB994121CA085E929AA12D7E2A530AD0B17BA891634E0BB3E207D53C0D1C1","version":"1.0.9","url":"https://discord.com/invite/rzaXeZdeNu/blob/master/release/ARunedragons-1.0.9.jar?raw=true"}]}, {"projectUrl":"https://discord.gg/rzaXeZdeNu","provider":"Anarchise","name":"AVorkath","description":"Anarchise' Automated Vorkath.","id":"avorkath-plugin","releases":[{"date":"2022-05-16","sha512sum":"67FB2378FB1C50055FF67217014DBF3AA97A721533085F4494532155144FA1CC073C377C9AEFCB684B7EE22EC12229E2B5F6AEFCA2DCAE2F5B5DB0BCB786D8C3","version":"1.0.8","url":"https://discord.com/invite/rzaXeZdeNu/blob/master/release/AVorkath-1.0.8.jar?raw=true"}]}, {"projectUrl":"https://discord.gg/rzaXeZdeNu","provider":"Anarchise","name":"AWyverns","description":"Anarchise' Fossil Wyverns","id":"awyverns-plugin","releases":[{"date":"2022-05-16","sha512sum":"DBD30D205FE5A82983306EF5B3C0BB27BF41371C13C196F569A03CC2C109ED2D78A55D7DABCCC8127006A8F2E78ADDF770F97F62E1962438BD694070DC3EE26C","version":"1.0.3","url":"https://discord.com/invite/rzaXeZdeNu/blob/master/release/awyverns-1.0.3.jar?raw=true"}]}, {"projectUrl":"https://discord.gg/rzaXeZdeNu","provider":"Anarchise","name":"AZulrah","description":"Anarchise' Automated Zulrah.","id":"azulrah-plugin","releases":[{"date":"2022-05-16","sha512sum":"E32E2CE4EEE0D815621E29ED7EE0AD9B16E874DBC37619EEBD7BFF489E6497BF7592E6042FDC218A67DB992BF976A5E04F09EDCF7B29EBEC7A339F7BB835B0CC","version":"1.0.8","url":"https://discord.com/invite/rzaXeZdeNu/blob/master/release/AZulrah-1.0.8.jar?raw=true"}]}, {"projectUrl":"https://discord.gg/rzaXeZdeNu","provider":"ZTD#1147","name":"NFarming","description":"Does farming runs.","id":"nfarming-plugin","releases":[{"date":"2022-05-16","sha512sum":"58012449520C35447A6B553FCF660444085460E5BE1BC55AC609FEF71AAA12CF7E27621F932DF2E98BA23C6F054475CF1780267FBE8D49F5985B5DEE64813133","version":"0.0.2","url":"https://discord.com/invite/rzaXeZdeNu/blob/master/release/NFarming-0.0.2.jar?raw=true"}]}, {"projectUrl":"https://discord.gg/rzaXeZdeNu","provider":"ZTD#1147","name":"NGatherer","description":"Gathers from various nodes and banks or drops.","id":"ngatherer-plugin","releases":[{"date":"2022-05-16","sha512sum":"B92005515B4753B371C4A2C6666A09580325895EEE9FDA960DE15E1A2E4DC5321E470FF2F3434988CA9A27C88318B5AA32872CA132AF62CA2D0A5A46318068D6","version":"0.0.1","url":"https://discord.com/invite/rzaXeZdeNu/blob/master/release/NGatherer-0.0.1.jar?raw=true"}]}, {"projectUrl":"https://discord.gg/rzaXeZdeNu","provider":"ZTD#1147","name":"NGauntlet","description":"Automated Gauntlet.","id":"ngauntlet-plugin","releases":[{"date":"2022-05-16","sha512sum":"F35BD0117785D3819A9EC2993CF792F217893432085C79E1163E03DB4E95D2E09B145012658C5C8B23F8FF398E19AD0EECF7EDAC5DDD3C52D643974E50FE0128","version":"0.0.2","url":"https://discord.com/invite/rzaXeZdeNu/blob/master/release/NGauntlet-0.0.2.jar?raw=true"}]}, {"projectUrl":"https://discord.gg/rzaXeZdeNu","provider":"ZTD#1147","name":"NGuardians","description":"1 Tick Spec on XP Drop.","id":"nguardians-plugin","releases":[{"date":"2022-05-16","sha512sum":"AF12A9C53A1453A1DEFC33D33F7DB25E856303437D793505D60E46C66033F6808CCF465AAA098445E7AA2E9D8F4BB5EA91639D336D10C1C52F947A37C0E1184F","version":"0.0.1","url":"https://discord.com/invite/rzaXeZdeNu/blob/master/release/NGuardians-0.0.1.jar?raw=true"}]}, {"projectUrl":"https://discord.gg/rzaXeZdeNu","provider":"ZTD#1147","name":"NInfernoHelper","description":"Inferno Prayer Swapper","id":"ninfernohelper-plugin","releases":[{"date":"2022-05-16","sha512sum":"2AA93310BE5724A3F57CE4546BBF6569D4A772419D4F195BFEDD1705ADDAE21E551A3AE517EB7F65A7B0A2EBACC95EFA88FC79D8789B1097E2DAD1E870487892","version":"0.0.1","url":"https://discord.com/invite/rzaXeZdeNu/blob/master/release/NInfernoHelper-0.0.1.jar?raw=true"}]}, {"projectUrl":"https://discord.gg/rzaXeZdeNu","provider":"ZTD#1147","name":"NQuickEat","description":"Eats food.","id":"nquickeat-plugin","releases":[{"date":"2022-05-16","sha512sum":"B44280A3B2B951B66B4DE9A5EF87F5B1184012BA64AFBFC635145DD593A7FC6400B6D5DD4292C21D1EA5613C73106EB2D66DAA3E4BD2D77F1954FEA1FB1F800A","version":"0.0.2","url":"https://discord.com/invite/rzaXeZdeNu/blob/master/release/NQuickEat-0.0.2.jar?raw=true"}]}, {"projectUrl":"https://discord.gg/rzaXeZdeNu","provider":"ZTD#1147","name":"NQuickFighter","description":"Automatically attacks & loots","id":"nquickfighter-plugin","releases":[{"date":"2022-05-16","sha512sum":"5BE4DB257EF82795CD8428A038AB37D6BD30CC851529F1B02983A4CA732DD9E6A8212C31C7EF0ED403EFE5767766F7D46B6E8D52006FBC522E886BFEE07D555F","version":"0.0.1","url":"https://discord.com/invite/rzaXeZdeNu/blob/master/release/NQuickFighter-0.0.1.jar?raw=true"}]}, {"projectUrl":"https://discord.gg/rzaXeZdeNu","provider":"ZTD#1147","name":"NQuickPot","description":"Automatically drinks pots for you.","id":"nquickpot-plugin","releases":[{"date":"2022-05-16","sha512sum":"D0F389C117372CABDD8DD762181BA06DFDF1CF9FBE81886E7EB5418B0309FCB68842E77591C4B869909A3E98D4F11B530B6A1CEA2BD7AC2AA92E84EC2E7CC275","version":"0.0.1","url":"https://discord.com/invite/rzaXeZdeNu/blob/master/release/NQuickPot-0.0.1.jar?raw=true"}]}, {"projectUrl":"https://discord.gg/rzaXeZdeNu","provider":"ZTD#1147","name":"NQuickPray","description":"Drinks prayer/restore pots.","id":"nquickpray-plugin","releases":[{"date":"2022-05-16","sha512sum":"3FC41917F015005BD1E27BC208B72EF26F3F3E48DAD555FFCDFF82317AE8186553B226FE8C820822D72E9280A4CC6821583104F593E505B659D89BC20C18A856","version":"0.0.1","url":"https://discord.com/invite/rzaXeZdeNu/blob/master/release/NQuickPray-0.0.1.jar?raw=true"}]}, {"projectUrl":"https://discord.gg/rzaXeZdeNu","provider":"ZTD#1147","name":"NTempoross","description":"Automatically fights Tempoross","id":"ntempoross-plugin","releases":[{"date":"2022-05-16","sha512sum":"C4D2651C64C18A73D1D0A2BD7F64ACF327546F3BCEB6719A0A81474BEE447298C52D6B7964997F20A81ABEAF5E427DA14D0089EF7C6D84BDF2ECC05587345858","version":"0.0.1","url":"https://discord.com/invite/rzaXeZdeNu/blob/master/release/NTempoross-0.0.1.jar?raw=true"}]}, {"projectUrl":"https://discord.gg/rzaXeZdeNu","provider":"ZTD#1147","name":"NUtils","description":"Numb plugin utilities.","id":"nutils-plugin","releases":[{"date":"2022-05-16","sha512sum":"B3DD9193B27E4ED618678993693438597D3CD359ED96C01029CEEF50982D147D5493D6B7FC1C5513EF33C059AD4E25971C95BD31F41163A3A5CE02DB4775A21E","version":"0.0.5","url":"https://discord.com/invite/rzaXeZdeNu/blob/master/release/NUtils-0.0.5.jar?raw=true"}]}]
