[{"projectUrl":"https://discord.gg/rzaXeZdeNu","provider":"ZTD#1147","name":"AHotkeys","description":"Assign in-game tasks to hotkeys","id":"ahotkeys-plugin","releases":[{"date":"2023-03-04","sha512sum":"9DEC6499E8433BC37D3D2F344B483745EDCB1E9C647A369BDA82739CAB364B572A429EDCEF283B45B4D28D8E1D8D24C46B112638CD71F2B536701CFEED28290F","version":"0.0.2","url":"https://github.com/Anarchise/aplugins/blob/master/release/AHotkeys-0.0.2.jar?raw=true"}]}, {"projectUrl":"https://discord.gg/rzaXeZdeNu","provider":"ZTD#1147","name":"APker","description":"Arsenal of PvP tools.","id":"apker-plugin","releases":[{"date":"2023-03-04","sha512sum":"297F12F1A364C685CA4432F7E185ED2538BD326CE3224C1EFBC1EB819C181D80645481D9EB9E6890A92488CD0999741B475DD82726D33B658D961230FD5ACE5A","version":"1.0.1","url":"https://github.com/Anarchise/aplugins/blob/master/release/APker-1.0.1.jar?raw=true"}]}, {"projectUrl":"https://discord.gg/rzaXeZdeNu","provider":"ZTD#1147","name":"ATempoross","description":"Automated tempoross.","id":"atempoross-plugin","releases":[{"date":"2023-03-04","sha512sum":"DCCB537761CABD22B0191996F74967359718A7BBEF14B00EE9FCC1ABFEDF59D1B884EE0FFA65386411B53B59DC91C37BA333E463DCCA12067279687FB833887D","version":"1.0.1","url":"https://github.com/Anarchise/aplugins/blob/master/release/ATempoross-1.0.1.jar?raw=true"}]}, {"projectUrl":"https://discord.gg/rzaXeZdeNu","provider":"ZTD#1147","name":"Autologhop","description":"Auto log/hop/teleport in PvP scenarios.","id":"autologhop-plugin","releases":[{"date":"2023-03-04","sha512sum":"260681486EAD56974F9FE8B2203BE5563A302438AF89E5702744717A8C2B7360707EE288F4FC849A1DFE4656C722B76CDF8DD5B135A466E36879D3F79E5CD638","version":"0.0.2","url":"https://github.com/Anarchise/aplugins/blob/master/release/autologhop-0.0.2.jar?raw=true"}]}, {"projectUrl":"https://discord.gg/rzaXeZdeNu","provider":"ZTD#1147","name":"AVorkath","description":"Automated Vorkath Boss.","id":"avorkath-plugin","releases":[{"date":"2023-03-04","sha512sum":"161154533F135E2F9F1C39D2155642E3D297C105B923084470D4AC3ABEA12B926DCDAC4B449227553459EF5A16566547290568B23806F9AB51DF49C3216A39C0","version":"1.0.5","url":"https://github.com/Anarchise/aplugins/blob/master/release/AVorkath-1.0.5.jar?raw=true"}]}, {"projectUrl":"https://discord.gg/rzaXeZdeNu","provider":"ZTD#1147","name":"Launcher","description":"","id":"launcher-plugin","releases":[{"date":"2023-03-04","sha512sum":"AF365CEC4C21240419CE63F8E85D108A3EE5433B9DF5037491C3529F41A8CAF043518EE5259361E0B9DF9BA7E0ACF57753C062722E1B1677770FA261CF269CA3","version":"0.0.3","url":"https://github.com/Anarchise/aplugins/blob/master/release/launcher-0.0.3.jar?raw=true"}]}, {"projectUrl":"https://discord.gg/rzaXeZdeNu","provider":"ZTD#1147","name":"Left Click Loot","description":"Puts loot at the top of the pile.","id":"leftclickloot-plugin","releases":[{"date":"2023-03-04","sha512sum":"761B793F56FAD27AA33D89EE41D5578D7F5D0AAF2A220935E5D6BA43070E904D25ED2A4547E37BDF3A158AFC150126C0ACA96DCAA8863109BFDDA59910BE75BA","version":"0.0.2","url":"https://github.com/Anarchise/aplugins/blob/master/release/leftclickloot-0.0.2.jar?raw=true"}]}, {"projectUrl":"https://discord.gg/rzaXeZdeNu","provider":"ZTD#1147","name":"NGatherer","description":"Automated gathering skills.","id":"ngatherer-plugin","releases":[{"date":"2023-03-04","sha512sum":"935888328D31C7E4F2E0FFA3788D4333EE20CD6B6AD8CF4C3A8C493ACF3BBE746479E0A02C124A77BBA122524BC9731D0D3AEEB57B8E7049627BBCD43B99F9E2","version":"0.0.3","url":"https://github.com/Anarchise/aplugins/blob/master/release/NGatherer-0.0.3.jar?raw=true"}]}, {"projectUrl":"https://discord.gg/rzaXeZdeNu","provider":"ZTD#1147","name":"NGuardians","description":"Automated Guardians of the Rift.","id":"nguardians-plugin","releases":[{"date":"2023-03-04","sha512sum":"881F68A4D1D023ACAD2D37E7A2023B61DA34EBA934262A838CD49AB55B629F846431D6E1E33D023F6E8262694F371B737C0122B37D6EAC5E866892A4B3174604","version":"0.0.1","url":"https://github.com/Anarchise/aplugins/blob/master/release/NGuardians-0.0.1.jar?raw=true"}]}, {"projectUrl":"https://discord.gg/rzaXeZdeNu","provider":"ZTD#1147","name":"NQuickFighter","description":"Automatic killing/looting.","id":"nquickfighter-plugin","releases":[{"date":"2023-03-04","sha512sum":"4A233E9BCDA86F1B4EC488DE29FF7718F950E1FA39CA4AB3C53A7D3B3CF77741570B7BA4F618AF32CA695929BC0B97F987418BEE21C22D088536261BECB857EC","version":"0.0.2","url":"https://github.com/Anarchise/aplugins/blob/master/release/NQuickFighter-0.0.2.jar?raw=true"}]}, {"projectUrl":"https://discord.gg/rzaXeZdeNu","provider":"ZTD#1147","name":"Zulrah Helper","description":"Helps with Zulrah.","id":"zulrahhelper-plugin","releases":[{"date":"2023-03-04","sha512sum":"71FA3646304441FE835C762DE80185FC553E013E8C3B9776DB45B6C22C90D84A4D6A1CEDBACE19BB73AF256C44261F8E49213A6277389F55793F2445B04EE1E8","version":"0.0.2","url":"https://github.com/Anarchise/aplugins/blob/master/release/zulrah-0.0.2.jar?raw=true"}]}]
